Nr;Gemeente;URL
1;Aa en Hunze;https://loodgieter.nl/werkgebied/aa-en-hunze
2;Aalburg;https://loodgieter.nl/werkgebied/aalburg
3;Aalsmeer;https://loodgieter.nl/werkgebied/aalsmeer
4;Aalten;https://loodgieter.nl/werkgebied/aalten
5;Achtkarspelen;https://loodgieter.nl/werkgebied/achtkarspelen
6;Alblasserdam;https://loodgieter.nl/werkgebied/alblasserdam
7;Albrandswaard;https://loodgieter.nl/werkgebied/albrandswaard
8;Alkmaar;https://loodgieter.nl/werkgebied/alkmaar
9;Almelo;https://loodgieter.nl/werkgebied/almelo
10;Almere;https://loodgieter.nl/werkgebied/almere
11;Alphen aan den Rijn;https://loodgieter.nl/werkgebied/alphen-aan-den-rijn
12;Alphen-Chaam;https://loodgieter.nl/werkgebied/alphen-chaam
13;Altena;https://loodgieter.nl/werkgebied/altena
14;Ameland;https://loodgieter.nl/werkgebied/ameland
15;Amersfoort;https://loodgieter.nl/werkgebied/amersfoort
16;Amstelveen;https://loodgieter.nl/werkgebied/amstelveen
17;Amsterdam;https://loodgieter.nl/werkgebied/amsterdam
18;Apeldoorn;https://loodgieter.nl/werkgebied/apeldoorn
19;Appingedam;https://loodgieter.nl/werkgebied/appingedam
20;Arnhem;https://loodgieter.nl/werkgebied/arnhem
21;Assen;https://loodgieter.nl/werkgebied/assen
22;Asten;https://loodgieter.nl/werkgebied/asten
23;Baarle-Nassau;https://loodgieter.nl/werkgebied/baarle-nassau
24;Baarn;https://loodgieter.nl/werkgebied/baarn
25;Barendrecht;https://loodgieter.nl/werkgebied/barendrecht
26;Barneveld;https://loodgieter.nl/werkgebied/barneveld
27;Beek;https://loodgieter.nl/werkgebied/beek
28;Beekdaelen;https://loodgieter.nl/werkgebied/beekdaelen
29;Beemster;https://loodgieter.nl/werkgebied/beemster
30;Beesel;https://loodgieter.nl/werkgebied/beesel
31;Berg en Dal;https://loodgieter.nl/werkgebied/berg-en-dal
32;Bergeijk;https://loodgieter.nl/werkgebied/bergeijk
33;Bergen (L);https://loodgieter.nl/werkgebied/bergen-l
34;Bergen (NH);https://loodgieter.nl/werkgebied/bergen-nh
35;Bergen op Zoom;https://loodgieter.nl/werkgebied/bergen-op-zoom
36;Berkelland;https://loodgieter.nl/werkgebied/berkelland
37;Bernheze;https://loodgieter.nl/werkgebied/bernheze
38;Best;https://loodgieter.nl/werkgebied/best
39;Beuningen;https://loodgieter.nl/werkgebied/beuningen
40;Beverwijk;https://loodgieter.nl/werkgebied/beverwijk
41;Bladel;https://loodgieter.nl/werkgebied/bladel
42;Blaricum;https://loodgieter.nl/werkgebied/blaricum
43;Bloemendaal;https://loodgieter.nl/werkgebied/bloemendaal
44;Bodegraven-Reeuwijk;https://loodgieter.nl/werkgebied/bodegraven-reeuwijk
45;Boekel;https://loodgieter.nl/werkgebied/boekel
46;Borger-Odoorn;https://loodgieter.nl/werkgebied/borger-odoorn
47;Borne;https://loodgieter.nl/werkgebied/borne
48;Borsele;https://loodgieter.nl/werkgebied/borsele
49;Boxmeer;https://loodgieter.nl/werkgebied/boxmeer
50;Boxtel;https://loodgieter.nl/werkgebied/boxtel
51;Breda;https://loodgieter.nl/werkgebied/breda
52;Brielle;https://loodgieter.nl/werkgebied/brielle
53;Bronckhorst;https://loodgieter.nl/werkgebied/bronckhorst
54;Brummen;https://loodgieter.nl/werkgebied/brummen
55;Brunssum;https://loodgieter.nl/werkgebied/brunssum
56;Bunnik;https://loodgieter.nl/werkgebied/bunnik
57;Bunschoten;https://loodgieter.nl/werkgebied/bunschoten
58;Buren;https://loodgieter.nl/werkgebied/buren
59;Capelle aan den IJssel;https://loodgieter.nl/werkgebied/capelle-aan-den-ijssel
60;Castricum;https://loodgieter.nl/werkgebied/castricum
61;Coevorden;https://loodgieter.nl/werkgebied/coevorden
62;Cranendonck;https://loodgieter.nl/werkgebied/cranendonck
63;Culemborg;https://loodgieter.nl/werkgebied/culemborg
64;Dalfsen;https://loodgieter.nl/werkgebied/dalfsen
65;Dantumadiel;https://loodgieter.nl/werkgebied/dantumadiel
66;De Bilt;https://loodgieter.nl/werkgebied/de-bilt
67;De Fryske Marren;https://loodgieter.nl/werkgebied/de-fryske-marren
68;De Ronde Venen;https://loodgieter.nl/werkgebied/de-ronde-venen
69;De Wolden;https://loodgieter.nl/werkgebied/de-wolden
70;Delft;https://loodgieter.nl/werkgebied/delft
71;Delfzijl;https://loodgieter.nl/werkgebied/delfzijl
72;Den Haag;https://loodgieter.nl/werkgebied/den-haag
73;Den Helder;https://loodgieter.nl/werkgebied/den-helder
74;Deurne;https://loodgieter.nl/werkgebied/deurne
75;Deventer;https://loodgieter.nl/werkgebied/deventer
76;Diemen;https://loodgieter.nl/werkgebied/diemen
77;Dinkelland;https://loodgieter.nl/werkgebied/dinkelland
78;Doesburg;https://loodgieter.nl/werkgebied/doesburg
79;Doetinchem;https://loodgieter.nl/werkgebied/doetinchem
80;Dongen;https://loodgieter.nl/werkgebied/dongen
81;Dordrecht;https://loodgieter.nl/werkgebied/dordrecht
82;Drechterland;https://loodgieter.nl/werkgebied/drechterland
83;Drimmelen;https://loodgieter.nl/werkgebied/drimmelen
84;Dronten;https://loodgieter.nl/werkgebied/dronten
85;Druten;https://loodgieter.nl/werkgebied/druten
86;Duiven;https://loodgieter.nl/werkgebied/duiven
87;Echt-Susteren;https://loodgieter.nl/werkgebied/echt-susteren
88;Edam-Volendam;https://loodgieter.nl/werkgebied/edam-volendam
89;Ede;https://loodgieter.nl/werkgebied/ede
90;Eemnes;https://loodgieter.nl/werkgebied/eemnes
91;Eemsdelta;https://loodgieter.nl/werkgebied/eemsdelta
92;Eersel;https://loodgieter.nl/werkgebied/eersel
93;Eijsden-Margraten;https://loodgieter.nl/werkgebied/eijsden-margraten
94;Eindhoven;https://loodgieter.nl/werkgebied/eindhoven
95;Elburg;https://loodgieter.nl/werkgebied/elburg
96;Emmen;https://loodgieter.nl/werkgebied/emmen
97;Enkhuizen;https://loodgieter.nl/werkgebied/enkhuizen
98;Enschede;https://loodgieter.nl/werkgebied/enschede
99;Epe;https://loodgieter.nl/werkgebied/epe
100;Ermelo;https://loodgieter.nl/werkgebied/ermelo
101;Etten-Leur;https://loodgieter.nl/werkgebied/etten-leur
102;Geertruidenberg;https://loodgieter.nl/werkgebied/geertruidenberg
103;Geldrop-Mierlo;https://loodgieter.nl/werkgebied/geldrop-mierlo
104;Gemert-Bakel;https://loodgieter.nl/werkgebied/gemert-bakel
105;Gennep;https://loodgieter.nl/werkgebied/gennep
106;Gilze en Rijen;https://loodgieter.nl/werkgebied/gilze-en-rijen
107;Goeree-Overflakkee;https://loodgieter.nl/werkgebied/goeree-overflakkee
108;Goes;https://loodgieter.nl/werkgebied/goes
109;Goirle;https://loodgieter.nl/werkgebied/goirle
110;Gorinchem;https://loodgieter.nl/werkgebied/gorinchem
111;Gouda;https://loodgieter.nl/werkgebied/gouda
112;Groningen;https://loodgieter.nl/werkgebied/groningen
113;Gulpen-Wittem;https://loodgieter.nl/werkgebied/gulpen-wittem
114;Haaksbergen;https://loodgieter.nl/werkgebied/haaksbergen
115;Haaren;https://loodgieter.nl/werkgebied/haaren
116;Haarlem;https://loodgieter.nl/werkgebied/haarlem
117;Haarlemmermeer;https://loodgieter.nl/werkgebied/haarlemmermeer
118;Halderberge;https://loodgieter.nl/werkgebied/halderberge
119;Hardenberg;https://loodgieter.nl/werkgebied/hardenberg
120;Harderwijk;https://loodgieter.nl/werkgebied/harderwijk
121;Hardinxveld-Giessendam;https://loodgieter.nl/werkgebied/hardinxveld-giessendam
122;Harlingen;https://loodgieter.nl/werkgebied/harlingen
123;Hattem;https://loodgieter.nl/werkgebied/hattem
124;Heemskerk;https://loodgieter.nl/werkgebied/heemskerk
125;Heemstede;https://loodgieter.nl/werkgebied/heemstede
126;Heerde;https://loodgieter.nl/werkgebied/heerde
127;Heerenveen;https://loodgieter.nl/werkgebied/heerenveen
128;Heerlen;https://loodgieter.nl/werkgebied/heerlen
129;Heeze-Leende;https://loodgieter.nl/werkgebied/heeze-leende
130;Heiloo;https://loodgieter.nl/werkgebied/heiloo
131;Hellendoorn;https://loodgieter.nl/werkgebied/hellendoorn
132;Hellevoetsluis;https://loodgieter.nl/werkgebied/hellevoetsluis
133;Helmond;https://loodgieter.nl/werkgebied/helmond
134;Hendrik-Ido-Ambacht;https://loodgieter.nl/werkgebied/hendrik-ido-ambacht
135;Hengelo;https://loodgieter.nl/werkgebied/hengelo
136;Het Hogeland;https://loodgieter.nl/werkgebied/het-hogeland
137;Heumen;https://loodgieter.nl/werkgebied/heumen
138;Heusden;https://loodgieter.nl/werkgebied/heusden
139;Hillegom;https://loodgieter.nl/werkgebied/hillegom
140;Hilvarenbeek;https://loodgieter.nl/werkgebied/hilvarenbeek
141;Hilversum;https://loodgieter.nl/werkgebied/hilversum
142;Hoeksche Waard;https://loodgieter.nl/werkgebied/hoeksche-waard
143;Hof van Twente;https://loodgieter.nl/werkgebied/hof-van-twente
144;Hollands Kroon;https://loodgieter.nl/werkgebied/hollands-kroon
145;Hoogeveen;https://loodgieter.nl/werkgebied/hoogeveen
146;Hoorn;https://loodgieter.nl/werkgebied/hoorn
147;Horst aan de Maas;https://loodgieter.nl/werkgebied/horst-aan-de-maas
148;Houten;https://loodgieter.nl/werkgebied/houten
149;Huizen;https://loodgieter.nl/werkgebied/huizen
150;IJsselstein;https://loodgieter.nl/werkgebied/ijsselstein
151;Kaag en Braassem;https://loodgieter.nl/werkgebied/kaag-en-braassem
152;Kampen;https://loodgieter.nl/werkgebied/kampen
153;Kapelle;https://loodgieter.nl/werkgebied/kapelle
154;Katwijk;https://loodgieter.nl/werkgebied/katwijk
155;Kerkrade;https://loodgieter.nl/werkgebied/kerkrade
156;Koggenland;https://loodgieter.nl/werkgebied/koggenland
157;Krimpen aan den IJssel;https://loodgieter.nl/werkgebied/krimpen-aan-den-ijssel
158;Krimpenerwaard;https://loodgieter.nl/werkgebied/krimpenerwaard
159;Laarbeek;https://loodgieter.nl/werkgebied/laarbeek
160;Land van Cuijk;https://loodgieter.nl/werkgebied/land-van-cuijk
161;Landgraaf;https://loodgieter.nl/werkgebied/landgraaf
162;Landsmeer;https://loodgieter.nl/werkgebied/landsmeer
163;Lansingerland;https://loodgieter.nl/werkgebied/lansingerland
164;Laren;https://loodgieter.nl/werkgebied/laren
165;Leeuwarden;https://loodgieter.nl/werkgebied/leeuwarden
166;Leiden;https://loodgieter.nl/werkgebied/leiden
167;Leiderdorp;https://loodgieter.nl/werkgebied/leiderdorp
168;Leidschendam-Voorburg;https://loodgieter.nl/werkgebied/leidschendam-voorburg
169;Lelystad;https://loodgieter.nl/werkgebied/lelystad
170;Leudal;https://loodgieter.nl/werkgebied/leudal
171;Leusden;https://loodgieter.nl/werkgebied/leusden
172;Lingewaard;https://loodgieter.nl/werkgebied/lingewaard
173;Lisse;https://loodgieter.nl/werkgebied/lisse
174;Lochem;https://loodgieter.nl/werkgebied/lochem
175;Loon op Zand;https://loodgieter.nl/werkgebied/loon-op-zand
176;Lopik;https://loodgieter.nl/werkgebied/lopik
177;Losser;https://loodgieter.nl/werkgebied/losser
178;Maasdriel;https://loodgieter.nl/werkgebied/maasdriel
179;Maasgouw;https://loodgieter.nl/werkgebied/maasgouw
180;Maashorst;https://loodgieter.nl/werkgebied/maashorst
181;Maassluis;https://loodgieter.nl/werkgebied/maassluis
182;Maastricht;https://loodgieter.nl/werkgebied/maastricht
183;Medemblik;https://loodgieter.nl/werkgebied/medemblik
184;Meerssen;https://loodgieter.nl/werkgebied/meerssen
185;Meierijstad;https://loodgieter.nl/werkgebied/meierijstad
186;Meppel;https://loodgieter.nl/werkgebied/meppel
187;Midden-Delfland;https://loodgieter.nl/werkgebied/midden-delfland
188;Midden-Drenthe;https://loodgieter.nl/werkgebied/midden-drenthe
189;Midden-Groningen;https://loodgieter.nl/werkgebied/midden-groningen
190;Middelburg;https://loodgieter.nl/werkgebied/middelburg
191;Mill en Sint Hubert;https://loodgieter.nl/werkgebied/mill-en-sint-hubert
192;Moerdijk;https://loodgieter.nl/werkgebied/moerdijk
193;Molenlanden;https://loodgieter.nl/werkgebied/molenlanden
194;Montferland;https://loodgieter.nl/werkgebied/montferland
195;Montfoort;https://loodgieter.nl/werkgebied/montfoort
196;Mook en Middelaar;https://loodgieter.nl/werkgebied/mook-en-middelaar
197;Neder-Betuwe;https://loodgieter.nl/werkgebied/neder-betuwe
198;Nederweert;https://loodgieter.nl/werkgebied/nederweert
199;Nieuwegein;https://loodgieter.nl/werkgebied/nieuwegein
200;Nieuwkoop;https://loodgieter.nl/werkgebied/nieuwkoop
201;Nijkerk;https://loodgieter.nl/werkgebied/nijkerk
202;Nijmegen;https://loodgieter.nl/werkgebied/nijmegen
203;Nissewaard;https://loodgieter.nl/werkgebied/nissewaard
204;Noardeast-Fryslân;https://loodgieter.nl/werkgebied/noardeast-fryslân
205;Noord-Beveland;https://loodgieter.nl/werkgebied/noord-beveland
206;Noordenveld;https://loodgieter.nl/werkgebied/noordenveld
207;Noordoostpolder;https://loodgieter.nl/werkgebied/noordoostpolder
208;Noordwijk;https://loodgieter.nl/werkgebied/noordwijk
209;Nuenen, Gerwen en Nederwetten;https://loodgieter.nl/werkgebied/nuenen-gerwen-en-nederwetten
210;Nunspeet;https://loodgieter.nl/werkgebied/nunspeet
211;Oegstgeest;https://loodgieter.nl/werkgebied/oegstgeest
212;Oirschot;https://loodgieter.nl/werkgebied/oirschot
213;Oisterwijk;https://loodgieter.nl/werkgebied/oisterwijk
214;Oldambt;https://loodgieter.nl/werkgebied/oldambt
215;Oldebroek;https://loodgieter.nl/werkgebied/oldebroek
216;Oldenzaal;https://loodgieter.nl/werkgebied/oldenzaal
217;Olst-Wijhe;https://loodgieter.nl/werkgebied/olst-wijhe
218;Ommen;https://loodgieter.nl/werkgebied/ommen
219;Oost Gelre;https://loodgieter.nl/werkgebied/oost-gelre
220;Oosterhout;https://loodgieter.nl/werkgebied/oosterhout
221;Ooststellingwerf;https://loodgieter.nl/werkgebied/ooststellingwerf
222;Oostzaan;https://loodgieter.nl/werkgebied/oostzaan
223;Opmeer;https://loodgieter.nl/werkgebied/opmeer
224;Opsterland;https://loodgieter.nl/werkgebied/opsterland
225;Oss;https://loodgieter.nl/werkgebied/oss
226;Ouder-Amstel;https://loodgieter.nl/werkgebied/ouder-amstel
227;Oudewater;https://loodgieter.nl/werkgebied/oudewater
228;Overbetuwe;https://loodgieter.nl/werkgebied/overbetuwe
229;Papendrecht;https://loodgieter.nl/werkgebied/papendrecht
230;Peel en Maas;https://loodgieter.nl/werkgebied/peel-en-maas
231;Pekela;https://loodgieter.nl/werkgebied/pekela
232;Pijnacker-Nootdorp;https://loodgieter.nl/werkgebied/pijnacker-nootdorp
233;Purmerend;https://loodgieter.nl/werkgebied/purmerend
234;Putten;https://loodgieter.nl/werkgebied/putten
235;Raalte;https://loodgieter.nl/werkgebied/raalte
236;Reimerswaal;https://loodgieter.nl/werkgebied/reimerswaal
237;Renkum;https://loodgieter.nl/werkgebied/renkum
238;Renswoude;https://loodgieter.nl/werkgebied/renswoude
239;Rheden;https://loodgieter.nl/werkgebied/rheden
240;Rhenen;https://loodgieter.nl/werkgebied/rhenen
241;Ridderkerk;https://loodgieter.nl/werkgebied/ridderkerk
242;Rijssen-Holten;https://loodgieter.nl/werkgebied/rijssen-holten
243;Rijswijk;https://loodgieter.nl/werkgebied/rijswijk
244;Roerdalen;https://loodgieter.nl/werkgebied/roerdalen
245;Roermond;https://loodgieter.nl/werkgebied/roermond
246;Roosendaal;https://loodgieter.nl/werkgebied/roosendaal
247;Rotterdam;https://loodgieter.nl/werkgebied/rotterdam
248;Rozendaal;https://loodgieter.nl/werkgebied/rozendaal
249;Rucphen;https://loodgieter.nl/werkgebied/rucphen
250;Schagen;https://loodgieter.nl/werkgebied/schagen
251;Scherpenzeel;https://loodgieter.nl/werkgebied/scherpenzeel
252;Schiedam;https://loodgieter.nl/werkgebied/schiedam
253;Schiermonnikoog;https://loodgieter.nl/werkgebied/schiermonnikoog
254;Schouwen-Duiveland;https://loodgieter.nl/werkgebied/schouwen-duiveland
255;Simpelveld;https://loodgieter.nl/werkgebied/simpelveld
256;Sint-Michielsgestel;https://loodgieter.nl/werkgebied/sint-michielsgestel
257;Sittard-Geleen;https://loodgieter.nl/werkgebied/sittard-geleen
258;Sliedrecht;https://loodgieter.nl/werkgebied/sliedrecht
259;Sluis;https://loodgieter.nl/werkgebied/sluis
260;Smallingerland;https://loodgieter.nl/werkgebied/smallingerland
261;Soest;https://loodgieter.nl/werkgebied/soest
262;Someren;https://loodgieter.nl/werkgebied/someren
263;Son en Breugel;https://loodgieter.nl/werkgebied/son-en-breugel
264;Stadskanaal;https://loodgieter.nl/werkgebied/stadskanaal
265;Staphorst;https://loodgieter.nl/werkgebied/staphorst
266;Stede Broec;https://loodgieter.nl/werkgebied/stede-broec
267;Steenbergen;https://loodgieter.nl/werkgebied/steenbergen
268;Steenwijkerland;https://loodgieter.nl/werkgebied/steenwijkerland
269;Stein;https://loodgieter.nl/werkgebied/stein
270;Stichtse Vecht;https://loodgieter.nl/werkgebied/stichtse-vecht
271;Súdwest-Fryslân;https://loodgieter.nl/werkgebied/súdwest-fryslân
272;Terneuzen;https://loodgieter.nl/werkgebied/terneuzen
273;Terschelling;https://loodgieter.nl/werkgebied/terschelling
274;Texel;https://loodgieter.nl/werkgebied/texel
275;Teylingen;https://loodgieter.nl/werkgebied/teylingen
276;Tholen;https://loodgieter.nl/werkgebied/tholen
277;Tiel;https://loodgieter.nl/werkgebied/tiel
278;Tilburg;https://loodgieter.nl/werkgebied/tilburg
279;Tubbergen;https://loodgieter.nl/werkgebied/tubbergen
280;Twenterand;https://loodgieter.nl/werkgebied/twenterand
281;Tynaarlo;https://loodgieter.nl/werkgebied/tynaarlo
282;Tytsjerksteradiel;https://loodgieter.nl/werkgebied/tytsjerksteradiel
283;Uden;https://loodgieter.nl/werkgebied/uden
284;Uitgeest;https://loodgieter.nl/werkgebied/uitgeest
285;Uithoorn;https://loodgieter.nl/werkgebied/uithoorn
286;Urk;https://loodgieter.nl/werkgebied/urk
287;Utrecht;https://loodgieter.nl/werkgebied/utrecht
288;Utrechtse Heuvelrug;https://loodgieter.nl/werkgebied/utrechtse-heuvelrug
289;Vaals;https://loodgieter.nl/werkgebied/vaals
290;Valkenburg aan de Geul;https://loodgieter.nl/werkgebied/valkenburg-aan-de-geul
291;Valkenswaard;https://loodgieter.nl/werkgebied/valkenswaard
292;Veendam;https://loodgieter.nl/werkgebied/veendam
293;Veenendaal;https://loodgieter.nl/werkgebied/veenendaal
294;Veere;https://loodgieter.nl/werkgebied/veere
295;Veldhoven;https://loodgieter.nl/werkgebied/veldhoven
296;Velsen;https://loodgieter.nl/werkgebied/velsen
297;Venlo;https://loodgieter.nl/werkgebied/venlo
298;Venray;https://loodgieter.nl/werkgebied/venray
299;Vijfheerenlanden;https://loodgieter.nl/werkgebied/vijfheerenlanden
300;Vlaardingen;https://loodgieter.nl/werkgebied/vlaardingen
301;Vlieland;https://loodgieter.nl/werkgebied/vlieland
302;Vlissingen;https://loodgieter.nl/werkgebied/vlissingen
303;Voerendaal;https://loodgieter.nl/werkgebied/voerendaal
304;Voorschoten;https://loodgieter.nl/werkgebied/voorschoten
305;Voorst;https://loodgieter.nl/werkgebied/voorst
306;Vught;https://loodgieter.nl/werkgebied/vught
307;Waadhoeke;https://loodgieter.nl/werkgebied/waadhoeke
308;Waalre;https://loodgieter.nl/werkgebied/waalre
309;Waalwijk;https://loodgieter.nl/werkgebied/waalwijk
310;Waddinxveen;https://loodgieter.nl/werkgebied/waddinxveen
311;Wageningen;https://loodgieter.nl/werkgebied/wageningen
312;Wassenaar;https://loodgieter.nl/werkgebied/wassenaar
313;Waterland;https://loodgieter.nl/werkgebied/waterland
314;Weert;https://loodgieter.nl/werkgebied/weert
315;Weesp;https://loodgieter.nl/werkgebied/weesp
316;West Betuwe;https://loodgieter.nl/werkgebied/west-betuwe
317;West Maas en Waal;https://loodgieter.nl/werkgebied/west-maas-en-waal
318;Westerkwartier;https://loodgieter.nl/werkgebied/westerkwartier
319;Westerveld;https://loodgieter.nl/werkgebied/westerveld
320;Westervoort;https://loodgieter.nl/werkgebied/westervoort
321;Westerwolde;https://loodgieter.nl/werkgebied/westerwolde
322;Westland;https://loodgieter.nl/werkgebied/westland
323;Weststellingwerf;https://loodgieter.nl/werkgebied/weststellingwerf
324;Westvoorne;https://loodgieter.nl/werkgebied/westvoorne
325;Wierden;https://loodgieter.nl/werkgebied/wierden
326;Wijchen;https://loodgieter.nl/werkgebied/wijchen
327;Wijdemeren;https://loodgieter.nl/werkgebied/wijdemeren
328;Wijk bij Duurstede;https://loodgieter.nl/werkgebied/wijk-bij-duurstede
329;Winterswijk;https://loodgieter.nl/werkgebied/winterswijk
330;Woensdrecht;https://loodgieter.nl/werkgebied/woensdrecht
331;Woerden;https://loodgieter.nl/werkgebied/woerden
332;Wormerland;https://loodgieter.nl/werkgebied/wormerland
333;Woudenberg;https://loodgieter.nl/werkgebied/woudenberg
334;Zaanstad;https://loodgieter.nl/werkgebied/zaanstad
335;Zaltbommel;https://loodgieter.nl/werkgebied/zaltbommel
336;Zandvoort;https://loodgieter.nl/werkgebied/zandvoort
337;Zeewolde;https://loodgieter.nl/werkgebied/zeewolde
338;Zeist;https://loodgieter.nl/werkgebied/zeist
339;Zevenaar;https://loodgieter.nl/werkgebied/zevenaar
340;Zoetermeer;https://loodgieter.nl/werkgebied/zoetermeer
341;Zoeterwoude;https://loodgieter.nl/werkgebied/zoeterwoude
342;Zuidplas;https://loodgieter.nl/werkgebied/zuidplas
343;Zundert;https://loodgieter.nl/werkgebied/zundert
344;Zutphen;https://loodgieter.nl/werkgebied/zutphen
345;Zwartewaterland;https://loodgieter.nl/werkgebied/zwartewaterland
346;Zwijndrecht;https://loodgieter.nl/werkgebied/zwijndrecht
347;Zwolle;https://loodgieter.nl/werkgebied/zwolle